Workbook

Sheet Global
A1: Id | B1: 2016 | C1: 2017 | D1: 2018 | E1: 2019 | F1: 2020 | G1: 2021 | H1: 2022 | J1: 2016 degree | K1: 2017 degree | L1: 2018 degree | M1: 2019 degree | N1: 2020 degree | O1: 2021 degree | P1: 2022 degree
A2: 1 | B2: =_xlfn.XLOOKUP($A2,'2016'!$A$2:$A$2809,'2016'!$B$2:$B$2809,"") | C2: =_xlfn.XLOOKUP($A2,'2017'!$A$2:$A$2809,'2017'!$B$2:$B$2809,"") | D2: =_xlfn.XLOOKUP($A2,'2018'!$A$2:$A$2809,'2018'!$B$2:$B$2809,"") | E2: =_xlfn.XLOOKUP($A2,'2019'!$A$2:$A$2809,'2019'!$B$2:$B$2809,"") | F2: =_xlfn.XLOOKUP($A2,'2020'!$A$2:$A$2809,'2020'!$B$2:$B$2809,"") | G2: =_xlfn.XLOOKUP($A2,'2021'!$A$2:$A$2809,'2021'!$B$2:$B$2809,"") | H2: =_xlfn.XLOOKUP($A2,'2022'!$A$2:$A$2809,'2022'!$B$2:$B$2809,"") | J2: =_xlfn.XLOOKUP($A2,'2016'!$A$2:$A$2809,'2016'!$C$2:$C$2809,"") | K2: =_xlfn.XLOOKUP($A2,'2017'!$A$2:$A$2809,'2017'!$C$2:$C$2809,"") | L2: =_xlfn.XLOOKUP($A2,'2018'!$A$2:$A$2809,'2018'!$C$2:$C$2809,"") | M2: =_xlfn.XLOOKUP($A2,'2019'!$A$2:$A$2809,'2019'!$C$2:$C$2809,"") | N2: =_xlfn.XLOOKUP($A2,'2020'!$A$2:$A$2809,'2020'!$C$2:$C$2809,"") | O2: =_xlfn.XLOOKUP($A2,'2021'!$A$2:$A$2809,'2021'!$C$2:$C$2809,"") | P2: =_xlfn.XLOOKUP($A2,'2022'!$A$2:$A$2809,'2022'!$C$2:$C$2809,"")
A3: 2 | B3: =_xlfn.XLOOKUP($A3,'2016'!$A$2:$A$2809,'2016'!$B$2:$B$2809,"") | C3: =_xlfn.XLOOKUP($A3,'2017'!$A$2:$A$2809,'2017'!$B$2:$B$2809,"") | D3: =_xlfn.XLOOKUP($A3,'2018'!$A$2:$A$2809,'2018'!$B$2:$B$2809,"") | E3: =_xlfn.XLOOKUP($A3,'2019'!$A$2:$A$2809,'2019'!$B$2:$B$2809,"") | F3: =_xlfn.XLOOKUP($A3,'2020'!$A$2:$A$2809,'2020'!$B$2:$B$2809,"") | G3: =_xlfn.XLOOKUP($A3,'2021'!$A$2:$A$2809,'2021'!$B$2:$B$2809,"") | H3: =_xlfn.XLOOKUP(A3,'2022'!$A$2:$A$2809,'2022'!$B$2:$B$2809,"") | J3: =_xlfn.XLOOKUP($A3,'2016'!$A$2:$A$2809,'2016'!$C$2:$C$2809,"") | K3: =_xlfn.XLOOKUP($A3,'2017'!$A$2:$A$2809,'2017'!$C$2:$C$2809,"") | L3: =_xlfn.XLOOKUP($A3,'2018'!$A$2:$A$2809,'2018'!$C$2:$C$2809,"") | M3: =_xlfn.XLOOKUP($A3,'2019'!$A$2:$A$2809,'2019'!$C$2:$C$2809,"") | N3: =_xlfn.XLOOKUP($A3,'2020'!$A$2:$A$2809,'2020'!$C$2:$C$2809,"") | O3: =_xlfn.XLOOKUP($A3,'2021'!$A$2:$A$2809,'2021'!$C$2:$C$2809,"") | P3: =_xlfn.XLOOKUP($A3,'2022'!$A$2:$A$2809,'2022'!$C$2:$C$2809,"")
A4: 3 | B4: =_xlfn.XLOOKUP($A4,'2016'!$A$2:$A$2809,'2016'!$B$2:$B$2809,"") | C4: =_xlfn.XLOOKUP($A4,'2017'!$A$2:$A$2809,'2017'!$B$2:$B$2809,"") | D4: =_xlfn.XLOOKUP($A4,'2018'!$A$2:$A$2809,'2018'!$B$2:$B$2809,"") | E4: =_xlfn.XLOOKUP($A4,'2019'!$A$2:$A$2809,'2019'!$B$2:$B$2809,"") | F4: =_xlfn.XLOOKUP($A4,'2020'!$A$2:$A$2809,'2020'!$B$2:$B$2809,"") | G4: =_xlfn.XLOOKUP($A4,'2021'!$A$2:$A$2809,'2021'!$B$2:$B$2809,"") | H4: =_xlfn.XLOOKUP(A4,'2022'!$A$2:$A$2809,'2022'!$B$2:$B$2809,"") | J4: =_xlfn.XLOOKUP($A4,'2016'!$A$2:$A$2809,'2016'!$C$2:$C$2809,"") | K4: =_xlfn.XLOOKUP($A4,'2017'!$A$2:$A$2809,'2017'!$C$2:$C$2809,"") | L4: =_xlfn.XLOOKUP($A4,'2018'!$A$2:$A$2809,'2018'!$C$2:$C$2809,"") | M4: =_xlfn.XLOOKUP($A4,'2019'!$A$2:$A$2809,'2019'!$C$2:$C$2809,"") | N4: =_xlfn.XLOOKUP($A4,'2020'!$A$2:$A$2809,'2020'!$C$2:$C$2809,"") | O4: =_xlfn.XLOOKUP($A4,'2021'!$A$2:$A$2809,'2021'!$C$2:$C$2809,"") | P4: =_xlfn.XLOOKUP($A4,'2022'!$A$2:$A$2809,'2022'!$C$2:$C$2809,"")
A5: 4 | B5: =_xlfn.XLOOKUP($A5,'2016'!$A$2:$A$2809,'2016'!$B$2:$B$2809,"") | C5: =_xlfn.XLOOKUP($A5,'2017'!$A$2:$A$2809,'2017'!$B$2:$B$2809,"") | D5: =_xlfn.XLOOKUP($A5,'2018'!$A$2:$A$2809,'2018'!$B$2:$B$2809,"") | E5: =_xlfn.XLOOKUP($A5,'2019'!$A$2:$A$2809,'2019'!$B$2:$B$2809,"") | F5: =_xlfn.XLOOKUP($A5,'2020'!$A$2:$A$2809,'2020'!$B$2:$B$2809,"") -> 28 | G5: =_xlfn.XLOOKUP($A5,'2021'!$A$2:$A$2809,'2021'!$B$2:$B$2809,"") -> 17 | H5: =_xlfn.XLOOKUP(A5,'2022'!$A$2:$A$2809,'2022'!$B$2:$B$2809,"") -> 66 | J5: =_xlfn.XLOOKUP($A5,'2016'!$A$2:$A$2809,'2016'!$C$2:$C$2809,"") | K5: =_xlfn.XLOOKUP($A5,'2017'!$A$2:$A$2809,'2017'!$C$2:$C$2809,"") | L5: =_xlfn.XLOOKUP($A5,'2018'!$A$2:$A$2809,'2018'!$C$2:$C$2809,"") | M5: =_xlfn.XLOOKUP($A5,'2019'!$A$2:$A$2809,'2019'!$C$2:$C$2809,"") | N5: =_xlfn.XLOOKUP($A5,'2020'!$A$2:$A$2809,'2020'!$C$2:$C$2809,"") -> 2 | O5: =_xlfn.XLOOKUP($A5,'2021'!$A$2:$A$2809,'2021'!$C$2:$C$2809,"") -> 2 | P5: =_xlfn.XLOOKUP($A5,'2022'!$A$2:$A$2809,'2022'!$C$2:$C$2809,"") -> 2
A6: 5 | B6: =_xlfn.XLOOKUP($A6,'2016'!$A$2:$A$2809,'2016'!$B$2:$B$2809,"") | C6: =_xlfn.XLOOKUP($A6,'2017'!$A$2:$A$2809,'2017'!$B$2:$B$2809,"") | D6: =_xlfn.XLOOKUP($A6,'2018'!$A$2:$A$2809,'2018'!$B$2:$B$2809,"") | E6: =_xlfn.XLOOKUP($A6,'2019'!$A$2:$A$2809,'2019'!$B$2:$B$2809,"") | F6: =_xlfn.XLOOKUP($A6,'2020'!$A$2:$A$2809,'2020'!$B$2:$B$2809,"") | G6: =_xlfn.XLOOKUP($A6,'2021'!$A$2:$A$2809,'2021'!$B$2:$B$2809,"") | H6: =_xlfn.XLOOKUP(A6,'2022'!$A$2:$A$2809,'2022'!$B$2:$B$2809,"") | J6: =_xlfn.XLOOKUP($A6,'2016'!$A$2:$A$2809,'2016'!$C$2:$C$2809,"") | K6: =_xlfn.XLOOKUP($A6,'2017'!$A$2:$A$2809,'2017'!$C$2:$C$2809,"") | L6: =_xlfn.XLOOKUP($A6,'2018'!$A$2:$A$2809,'2018'!$C$2:$C$2809,"") | M6: =_xlfn.XLOOKUP($A6,'2019'!$A$2:$A$2809,'2019'!$C$2:$C$2809,"") | N6: =_xlfn.XLOOKUP($A6,'2020'!$A$2:$A$2809,'2020'!$C$2:$C$2809,"") | O6: =_xlfn.XLOOKUP($A6,'2021'!$A$2:$A$2809,'2021'!$C$2:$C$2809,"") | P6: =_xlfn.XLOOKUP($A6,'2022'!$A$2:$A$2809,'2022'!$C$2:$C$2809,"")
A7: 6 | B7: =_xlfn.XLOOKUP($A7,'2016'!$A$2:$A$2809,'2016'!$B$2:$B$2809,"") | C7: =_xlfn.XLOOKUP($A7,'2017'!$A$2:$A$2809,'2017'!$B$2:$B$2809,"") | D7: =_xlfn.XLOOKUP($A7,'2018'!$A$2:$A$2809,'2018'!$B$2:$B$2809,"") | E7: =_xlfn.XLOOKUP($A7,'2019'!$A$2:$A$2809,'2019'!$B$2:$B$2809,"") | F7: =_xlfn.XLOOKUP($A7,'2020'!$A$2:$A$2809,'2020'!$B$2:$B$2809,"") | G7: =_xlfn.XLOOKUP($A7,'2021'!$A$2:$A$2809,'2021'!$B$2:$B$2809,"") | H7: =_xlfn.XLOOKUP(A7,'2022'!$A$2:$A$2809,'2022'!$B$2:$B$2809,"") | J7: =_xlfn.XLOOKUP($A7,'2016'!$A$2:$A$2809,'2016'!$C$2:$C$2809,"") | K7: =_xlfn.XLOOKUP($A7,'2017'!$A$2:$A$2809,'2017'!$C$2:$C$2809,"") | L7: =_xlfn.XLOOKUP($A7,'2018'!$A$2:$A$2809,'2018'!$C$2:$C$2809,"") | M7: =_xlfn.XLOOKUP($A7,'2019'!$A$2:$A$2809,'2019'!$C$2:$C$2809,"") | N7: =_xlfn.XLOOKUP($A7,'2020'!$A$2:$A$2809,'2020'!$C$2:$C$2809,"") | O7: =_xlfn.XLOOKUP($A7,'2021'!$A$2:$A$2809,'2021'!$C$2:$C$2809,"") | P7: =_xlfn.XLOOKUP($A7,'2022'!$A$2:$A$2809,'2022'!$C$2:$C$2809,"")
A8: 7 | B8: =_xlfn.XLOOKUP($A8,'2016'!$A$2:$A$2809,'2016'!$B$2:$B$2809,"") | C8: =_xlfn.XLOOKUP($A8,'2017'!$A$2:$A$2809,'2017'!$B$2:$B$2809,"") | D8: =_xlfn.XLOOKUP($A8,'2018'!$A$2:$A$2809,'2018'!$B$2:$B$2809,"") | E8: =_xlfn.XLOOKUP($A8,'2019'!$A$2:$A$2809,'2019'!$B$2:$B$2809,"") | F8: =_xlfn.XLOOKUP($A8,'2020'!$A$2:$A$2809,'2020'!$B$2:$B$2809,"") | G8: =_xlfn.XLOOKUP($A8,'2021'!$A$2:$A$2809,'2021'!$B$2:$B$2809,"") | H8: =_xlfn.XLOOKUP(A8,'2022'!$A$2:$A$2809,'2022'!$B$2:$B$2809,"") | J8: =_xlfn.XLOOKUP($A8,'2016'!$A$2:$A$2809,'2016'!$C$2:$C$2809,"") | K8: =_xlfn.XLOOKUP($A8,'2017'!$A$2:$A$2809,'2017'!$C$2:$C$2809,"") | L8: =_xlfn.XLOOKUP($A8,'2018'!$A$2:$A$2809,'2018'!$C$2:$C$2809,"") | M8: =_xlfn.XLOOKUP($A8,'2019'!$A$2:$A$2809,'2019'!$C$2:$C$2809,"") | N8: =_xlfn.XLOOKUP($A8,'2020'!$A$2:$A$2809,'2020'!$C$2:$C$2809,"") | O8: =_xlfn.XLOOKUP($A8,'2021'!$A$2:$A$2809,'2021'!$C$2:$C$2809,"") | P8: =_xlfn.XLOOKUP($A8,'2022'!$A$2:$A$2809,'2022'!$C$2:$C$2809,"")
A9: 8 | B9: =_xlfn.XLOOKUP($A9,'2016'!$A$2:$A$2809,'2016'!$B$2:$B$2809,"") | C9: =_xlfn.XLOOKUP($A9,'2017'!$A$2:$A$2809,'2017'!$B$2:$B$2809,"") | D9: =_xlfn.XLOOKUP($A9,'2018'!$A$2:$A$2809,'2018'!$B$2:$B$2809,"") | E9: =_xlfn.XLOOKUP($A9,'2019'!$A$2:$A$2809,'2019'!$B$2:$B$2809,"") | F9: =_xlfn.XLOOKUP($A9,'2020'!$A$2:$A$2809,'2020'!$B$2:$B$2809,"") | G9: =_xlfn.XLOOKUP($A9,'2021'!$A$2:$A$2809,'2021'!$B$2:$B$2809,"") | H9: =_xlfn.XLOOKUP(A9,'2022'!$A$2:$A$2809,'2022'!$B$2:$B$2809,"") | J9: =_xlfn.XLOOKUP($A9,'2016'!$A$2:$A$2809,'2016'!$C$2:$C$2809,"") | K9: =_xlfn.XLOOKUP($A9,'2017'!$A$2:$A$2809,'2017'!$C$2:$C$2809,"") | L9: =_xlfn.XLOOKUP($A9,'2018'!$A$2:$A$2809,'2018'!$C$2:$C$2809,"") | M9: =_xlfn.XLOOKUP($A9,'2019'!$A$2:$A$2809,'2019'!$C$2:$C$2809,"") | N9: =_xlfn.XLOOKUP($A9,'2020'!$A$2:$A$2809,'2020'!$C$2:$C$2809,"") | O9: =_xlfn.XLOOKUP($A9,'2021'!$A$2:$A$2809,'2021'!$C$2:$C$2809,"") | P9: =_xlfn.XLOOKUP($A9,'2022'!$A$2:$A$2809,'2022'!$C$2:$C$2809,"")
A10: 9 | B10: =_xlfn.XLOOKUP($A10,'2016'!$A$2:$A$2809,'2016'!$B$2:$B$2809,"") | C10: =_xlfn.XLOOKUP($A10,'2017'!$A$2:$A$2809,'2017'!$B$2:$B$2809,"") | D10: =_xlfn.XLOOKUP($A10,'2018'!$A$2:$A$2809,'2018'!$B$2:$B$2809,"") | E10: =_xlfn.XLOOKUP($A10,'2019'!$A$2:$A$2809,'2019'!$B$2:$B$2809,"") | F10: =_xlfn.XLOOKUP($A10,'2020'!$A$2:$A$2809,'2020'!$B$2:$B$2809,"") | G10: =_xlfn.XLOOKUP($A10,'2021'!$A$2:$A$2809,'2021'!$B$2:$B$2809,"") | H10: =_xlfn.XLOOKUP(A10,'2022'!$A$2:$A$2809,'2022'!$B$2:$B$2809,"") | J10: =_xlfn.XLOOKUP($A10,'2016'!$A$2:$A$2809,'2016'!$C$2:$C$2809,"") | K10: =_xlfn.XLOOKUP($A10,'2017'!$A$2:$A$2809,'2017'!$C$2:$C$2809,"") | L10: =_xlfn.XLOOKUP($A10,'2018'!$A$2:$A$2809,'2018'!$C$2:$C$2809,"") | M10: =_xlfn.XLOOKUP($A10,'2019'!$A$2:$A$2809,'2019'!$C$2:$C$2809,"") | N10: =_xlfn.XLOOKUP($A10,'2020'!$A$2:$A$2809,'2020'!$C$2:$C$2809,"") | O10: =_xlfn.XLOOKUP($A10,'2021'!$A$2:$A$2809,'2021'!$C$2:$C$2809,"") | P10: =_xlfn.XLOOKUP($A10,'2022'!$A$2:$A$2809,'2022'!$C$2:$C$2809,"")
A11: 10 | B11: =_xlfn.XLOOKUP($A11,'2016'!$A$2:$A$2809,'2016'!$B$2:$B$2809,"") | C11: =_xlfn.XLOOKUP($A11,'2017'!$A$2:$A$2809,'2017'!$B$2:$B$2809,"") | D11: =_xlfn.XLOOKUP($A11,'2018'!$A$2:$A$2809,'2018'!$B$2:$B$2809,"") | E11: =_xlfn.XLOOKUP($A11,'2019'!$A$2:$A$2809,'2019'!$B$2:$B$2809,"") | F11: =_xlfn.XLOOKUP($A11,'2020'!$A$2:$A$2809,'2020'!$B$2:$B$2809,"") | G11: =_xlfn.XLOOKUP($A11,'2021'!$A$2:$A$2809,'2021'!$B$2:$B$2809,"") | H11: =_xlfn.XLOOKUP(A11,'2022'!$A$2:$A$2809,'2022'!$B$2:$B$2809,"") | J11: =_xlfn.XLOOKUP($A11,'2016'!$A$2:$A$2809,'2016'!$C$2:$C$2809,"") | K11: =_xlfn.XLOOKUP($A11,'2017'!$A$2:$A$2809,'2017'!$C$2:$C$2809,"") | L11: =_xlfn.XLOOKUP($A11,'2018'!$A$2:$A$2809,'2018'!$C$2:$C$2809,"") | M11: =_xlfn.XLOOKUP($A11,'2019'!$A$2:$A$2809,'2019'!$C$2:$C$2809,"") | N11: =_xlfn.XLOOKUP($A11,'2020'!$A$2:$A$2809,'2020'!$C$2:$C$2809,"") | O11: =_xlfn.XLOOKUP($A11,'2021'!$A$2:$A$2809,'2021'!$C$2:$C$2809,"") | P11: =_xlfn.XLOOKUP($A11,'2022'!$A$2:$A$2809,'2022'!$C$2:$C$2809,"")
A12: 11 | B12: =_xlfn.XLOOKUP($A12,'2016'!$A$2:$A$2809,'2016'!$B$2:$B$2809,"") | C12: =_xlfn.XLOOKUP($A12,'2017'!$A$2:$A$2809,'2017'!$B$2:$B$2809,"") | D12: =_xlfn.XLOOKUP($A12,'2018'!$A$2:$A$2809,'2018'!$B$2:$B$2809,"") | E12: =_xlfn.XLOOKUP($A12,'2019'!$A$2:$A$2809,'2019'!$B$2:$B$2809,"") | F12: =_xlfn.XLOOKUP($A12,'2020'!$A$2:$A$2809,'2020'!$B$2:$B$2809,"") | G12: =_xlfn.XLOOKUP($A12,'2021'!$A$2:$A$2809,'2021'!$B$2:$B$2809,"") | H12: =_xlfn.XLOOKUP(A12,'2022'!$A$2:$A$2809,'2022'!$B$2:$B$2809,"") | J12: =_xlfn.XLOOKUP($A12,'2016'!$A$2:$A$2809,'2016'!$C$2:$C$2809,"") | K12: =_xlfn.XLOOKUP($A12,'2017'!$A$2:$A$2809,'2017'!$C$2:$C$2809,"") | L12: =_xlfn.XLOOKUP($A12,'2018'!$A$2:$A$2809,'2018'!$C$2:$C$2809,"") | M12: =_xlfn.XLOOKUP($A12,'2019'!$A$2:$A$2809,'2019'!$C$2:$C$2809,"") | N12: =_xlfn.XLOOKUP($A12,'2020'!$A$2:$A$2809,'2020'!$C$2:$C$2809,"") | O12: =_xlfn.XLOOKUP($A12,'2021'!$A$2:$A$2809,'2021'!$C$2:$C$2809,"") | P12: =_xlfn.XLOOKUP($A12,'2022'!$A$2:$A$2809,'2022'!$C$2:$C$2809,"")
A13: 12 | B13: =_xlfn.XLOOKUP($A13,'2016'!$A$2:$A$2809,'2016'!$B$2:$B$2809,"") | C13: =_xlfn.XLOOKUP($A13,'2017'!$A$2:$A$2809,'2017'!$B$2:$B$2809,"") | D13: =_xlfn.XLOOKUP($A13,'2018'!$A$2:$A$2809,'2018'!$B$2:$B$2809,"") | E13: =_xlfn.XLOOKUP($A13,'2019'!$A$2:$A$2809,'2019'!$B$2:$B$2809,"") | F13: =_xlfn.XLOOKUP($A13,'2020'!$A$2:$A$2809,'2020'!$B$2:$B$2809,"") | G13: =_xlfn.XLOOKUP($A13,'2021'!$A$2:$A$2809,'2021'!$B$2:$B$2809,"") | H13: =_xlfn.XLOOKUP(A13,'2022'!$A$2:$A$2809,'2022'!$B$2:$B$2809,"") -> 17 | J13: =_xlfn.XLOOKUP($A13,'2016'!$A$2:$A$2809,'2016'!$C$2:$C$2809,"") | K13: =_xlfn.XLOOKUP($A13,'2017'!$A$2:$A$2809,'2017'!$C$2:$C$2809,"") | L13: =_xlfn.XLOOKUP($A13,'2018'!$A$2:$A$2809,'2018'!$C$2:$C$2809,"") | M13: =_xlfn.XLOOKUP($A13,'2019'!$A$2:$A$2809,'2019'!$C$2:$C$2809,"") | N13: =_xlfn.XLOOKUP($A13,'2020'!$A$2:$A$2809,'2020'!$C$2:$C$2809,"") | O13: =_xlfn.XLOOKUP($A13,'2021'!$A$2:$A$2809,'2021'!$C$2:$C$2809,"") | P13: =_xlfn.XLOOKUP($A13,'2022'!$A$2:$A$2809,'2022'!$C$2:$C$2809,"") -> 1
A14: 13 | B14: =_xlfn.XLOOKUP($A14,'2016'!$A$2:$A$2809,'2016'!$B$2:$B$2809,"") | C14: =_xlfn.XLOOKUP($A14,'2017'!$A$2:$A$2809,'2017'!$B$2:$B$2809,"") | D14: =_xlfn.XLOOKUP($A14,'2018'!$A$2:$A$2809,'2018'!$B$2:$B$2809,"") | E14: =_xlfn.XLOOKUP($A14,'2019'!$A$2:$A$2809,'2019'!$B$2:$B$2809,"") | F14: =_xlfn.XLOOKUP($A14,'2020'!$A$2:$A$2809,'2020'!$B$2:$B$2809,"") | G14: =_xlfn.XLOOKUP($A14,'2021'!$A$2:$A$2809,'2021'!$B$2:$B$2809,"") | H14: =_xlfn.XLOOKUP(A14,'2022'!$A$2:$A$2809,'2022'!$B$2:$B$2809,"") | J14: =_xlfn.XLOOKUP($A14,'2016'!$A$2:$A$2809,'2016'!$C$2:$C$2809,"") | K14: =_xlfn.XLOOKUP($A14,'2017'!$A$2:$A$2809,'2017'!$C$2:$C$2809,"") | L14: =_xlfn.XLOOKUP($A14,'2018'!$A$2:$A$2809,'2018'!$C$2:$C$2809,"") | M14: =_xlfn.XLOOKUP($A14,'2019'!$A$2:$A$2809,'2019'!$C$2:$C$2809,"") | N14: =_xlfn.XLOOKUP($A14,'2020'!$A$2:$A$2809,'2020'!$C$2:$C$2809,"") | O14: =_xlfn.XLOOKUP($A14,'2021'!$A$2:$A$2809,'2021'!$C$2:$C$2809,"") | P14: =_xlfn.XLOOKUP($A14,'2022'!$A$2:$A$2809,'2022'!$C$2:$C$2809,"")
... A3974: 3973 | B3974: =_xlfn.XLOOKUP($A3974,'2016'!$A$2:$A$2809,'2016'!$B$2:$B$2809,"") | C3974: =_xlfn.XLOOKUP($A3974,'2017'!$A$2:$A$2809,'2017'!$B$2:$B$2809,"") | D3974: =_xlfn.XLOOKUP($A3974,'2018'!$A$2:$A$2809,'2018'!$B$2:$B$2809,"") | E3974: =_xlfn.XLOOKUP($A3974,'2019'!$A$2:$A$2809,'2019'!$B$2:$B$2809,"") | F3974: =_xlfn.XLOOKUP($A3974,'2020'!$A$2:$A$2809,'2020'!$B$2:$B$2809,"") | G3974: =_xlfn.XLOOKUP($A3974,'2021'!$A$2:$A$2809,'2021'!$B$2:$B$2809,"") | H3974: =_xlfn.XLOOKUP(A3974,'2022'!$A$2:$A$2809,'2022'!$B$2:$B$2809,"") -> 17 | J3974: =_xlfn.XLOOKUP($A3974,'2016'!$A$2:$A$2809,'2016'!$C$2:$C$2809,"") | K3974: =_xlfn.XLOOKUP($A3974,'2017'!$A$2:$A$2809,'2017'!$C$2:$C$2809,"") | L3974: =_xlfn.XLOOKUP($A3974,'2018'!$A$2:$A$2809,'2018'!$C$2:$C$2809,"") | M3974: =_xlfn.XLOOKUP($A3974,'2019'!$A$2:$A$2809,'2019'!$C$2:$C$2809,"") | N3974: =_xlfn.XLOOKUP($A3974,'2020'!$A$2:$A$2809,'2020'!$C$2:$C$2809,"") | O3974: =_xlfn.XLOOKUP($A3974,'2021'!$A$2:$A$2809,'2021'!$C$2:$C$2809,"") | P3974: =_xlfn.XLOOKUP($A3974,'2022'!$A$2:$A$2809,'2022'!$C$2:$C$2809,"") -> 1

Sheet degree analysis
A1: 2022 degree | B1: Decile
A2: 190 | B2: =_xlfn.PERCENTRANK.EXC($A$2:$A$2809,A2)*100 -> 99.9
A3: 181 | B3: =_xlfn.PERCENTRANK.EXC($A$2:$A$2809,A3)*100 -> 99.9
A4: 179 | B4: =_xlfn.PERCENTRANK.EXC($A$2:$A$2809,A4)*100 -> 99.8
A5: 179 | B5: =_xlfn.PERCENTRANK.EXC($A$2:$A$2809,A5)*100 -> 99.8
A6: 173 | B6: =_xlfn.PERCENTRANK.EXC($A$2:$A$2809,A6)*100 -> 99.7
A7: 173 | B7: =_xlfn.PERCENTRANK.EXC($A$2:$A$2809,A7)*100 -> 99.7
A8: 169 | B8: =_xlfn.PERCENTRANK.EXC($A$2:$A$2809,A8)*100 -> 99.7
A9: 163 | B9: =_xlfn.PERCENTRANK.EXC($A$2:$A$2809,A9)*100 -> 99.7
A10: 162 | B10: =_xlfn.PERCENTRANK.EXC($A$2:$A$2809,A10)*100 -> 99.6
A11: 161 | B11: =_xlfn.PERCENTRANK.EXC($A$2:$A$2809,A11)*100 -> 99.6
A12: 161 | B12: =_xlfn.PERCENTRANK.EXC($A$2:$A$2809,A12)*100 -> 99.6
A13: 160 | B13: =_xlfn.PERCENTRANK.EXC($A$2:$A$2809,A13)*100 -> 99.5
... A2809: 1 | B2809: =_xlfn.PERCENTRANK.EXC($A$2:$A$2809,A2809)*100 -> 0

Sheet 2016
A1: Id | B1: Mod | C1: Deg
A2: 92 | B2: 2 | C2: 5
A3: 91 | B3: 2 | C3: 6
A4: 18 | B4: 2 | C4: 5
A5: 93 | B5: 2 | C5: 4
A6: 94 | B6: 2 | C6: 4
A7: 29 | B7: 2 | C7: 2
A8: 25 | B8: 2 | C8: 2
A9: 51 | B9: 4 | C9: 1
A10: 96 | B10: 4 | C10: 3
A11: 52 | B11: 2 | C11: 2
A12: 106 | B12: 2 | C12: 1
A13: 32 | B13: 2 | C13: 1
... A16: 55 | B16: 4 | C16: 1

Sheet 2017
A1: Id | B1: Mod | C1: Deg
A2: 92 | B2: 0 | C2: 8
A3: 91 | B3: 0 | C3: 10
A4: 25 | B4: 0 | C4: 4
A5: 166 | B5: 0 | C5: 6
A6: 18 | B6: 0 | C6: 9
A7: 93 | B7: 0 | C7: 7
A8: 176 | B8: 0 | C8: 9
A9: 94 | B9: 0 | C9: 5
A10: 96 | B10: 3 | C10: 6
A11: 165 | B11: 3 | C11: 7
A12: 97 | B12: 3 | C12: 2
A13: 173 | B13: 3 | C13: 2
... A55: 180 | B55: 1 | C55: 1

Sheet 2018
A1: Id | B1: Mod | C1: Deg
A2: 89 | B2: 1 | C2: 1
A3: 90 | B3: 1 | C3: 3
A4: 92 | B4: 3 | C4: 11
A5: 91 | B5: 3 | C5: 14
A6: 25 | B6: 3 | C6: 6
A7: 166 | B7: 3 | C7: 8
A8: 18 | B8: 3 | C8: 11
A9: 167 | B9: 24 | C9: 1
A10: 297 | B10: 24 | C10: 4
A11: 299 | B11: 31 | C11: 5
A12: 300 | B12: 31 | C12: 5
A13: 93 | B13: 3 | C13: 9
... A148: 180 | B148: 24 | C148: 3

Sheet 2019
A1: Id | B1: Mod | C1: Deg
A2: 89 | B2: 9 | C2: 2
A3: 90 | B3: 9 | C3: 4
A4: 91 | B4: 5 | C4: 18
A5: 513 | B5: 5 | C5: 14
A6: 293 | B6: 0 | C6: 3
A7: 294 | B7: 0 | C7: 3
A8: 514 | B8: 1 | C8: 6
A9: 515 | B9: 1 | C9: 1
A10: 516 | B10: 10 | C10: 1
A11: 517 | B11: 10 | C11: 2
A12: 92 | B12: 5 | C12: 14
A13: 25 | B13: 5 | C13: 8
... A316: 669 | B316: 6 | C316: 1

Sheet 2020
A1: Id | B1: Mod | C1: Deg
A2: 288 | B2: 7 | C2: 6
A3: 876 | B3: 7 | C3: 8
A4: 511 | B4: 8 | C4: 3
A5: 878 | B5: 8 | C5: 3
A6: 880 | B6: 8 | C6: 2
A7: 89 | B7: 35 | C7: 2
A8: 90 | B8: 35 | C8: 4
A9: 886 | B9: 28 | C9: 6
A10: 887 | B10: 28 | C10: 4
A11: 91 | B11: 28 | C11: 23
A12: 513 | B12: 28 | C12: 20
A13: 165 | B13: 7 | C13: 31
... A681: 660 | B681: 28 | C681: 2

Sheet 2021
A1: Id | B1: Mod | C1: Deg
A2: 4 | B2: 17 | C2: 2
A3: 18 | B3: 17 | C3: 22
A4: 19 | B4: 18 | C4: 1
A5: 20 | B5: 0 | C5: 3
A6: 25 | B6: 17 | C6: 10
A7: 26 | B7: 12 | C7: 1
A8: 27 | B8: 12 | C8: 1
A9: 28 | B9: 19 | C9: 3
A10: 29 | B10: 17 | C10: 6
A11: 30 | B11: 12 | C11: 5
A12: 31 | B12: 17 | C12: 1
A13: 32 | B13: 17 | C13: 3
... A1513: 2445 | B1513: 10 | C1513: 1

Sheet 2022
A1: Id | B1: Mod | C1: Deg
A2: 4 | B2: 66 | C2: 2
A3: 12 | B3: 17 | C3: 1
A4: 18 | B4: 66 | C4: 24
A5: 19 | B5: 28 | C5: 1
A6: 20 | B6: 28 | C6: 3
A7: 25 | B7: 66 | C7: 12
A8: 28 | B8: 28 | C8: 4
A9: 29 | B9: 66 | C9: 6
A10: 30 | B10: 18 | C10: 5
A11: 31 | B11: 66 | C11: 1
A12: 32 | B12: 66 | C12: 3
A13: 33 | B13: 3 | C13: 3
... A2809: 3973 | B2809: 17 | C2809: 1
